id,creator,type,material,date
0000001,Everdingen Caesar Boëtius van,schilderij,olieverf,1644 -  1648
0000002,Maris Matthijs,schilderij,papier,1857 -  1857
0000003,Maes Nicolaes,schilderij,olieverf,1675 -  1685
0000004,Coornhert Dirck Volckertsz,prent,papier,1555 -  1555
0000005,Coornhert Dirck Volckertsz,prent,papier,1555 -  1556
0000006,Bos Balthazar van den,prent,papier,1553 -  1553
0000007,Call Jan van (I),prent,papier,1666 -  1706
0000008,Hondius Hendrick (I),prent,papier,1626 -  1626
0000009,anoniem,stortebeker,steengoed,1589 -  1589
0000010,anoniem,kruik,steengoed,ca. 1600 - ca. 1610
0000011,anoniem,kom,kwarts-fritgoed,ca. 1200 - ca. 1220
0000012,anoniem,poppenhuisgoed,aardewerk,ca. 1700 - ca. 1799
0000013,anoniem,netsuke,porselein,ca. 1700 - ca. 1724
0000014,,masker,,
0000015,,ritueel object,brons,-1400 -  -1000
0000016,,beeldhouwwerk,hout,1200 -  1350
0000017,anoniem,drinkgerei,aardewerk,-2000 -  -1000
0000018,Boissieu Jean Jacques de,tekening,papier,1746 -  1810
0000019,Boissieu Jean Jacques de,tekening,papier,1746 -  1810
0000020,Blondel Jacques François,tekening,papier,1715 -  1774
0000021,Blondel Jacques François,tekening,papier,1715 -  1774
0000022,Blarenberghe Henri Joseph van,miniatuur,perkament,1751 -  1826
0000023,Bouchardon Edmé,tekening,papier,1744-08 -  1744-08
0000024,Aubert Louis,tekening,papier,1740 -  1780
0000025,Boitard François,tekening,papier,1680 -  1715
0000026,Boitard François,tekening,papier,1680 -  1715
0000027,Boitard François,tekening,papier,1680 -  1715
0000028,Boucher François,tekening,papier,1713 -  1734
0000029,Boucher François,tekening,papier,1713 -  1734
0000030,Boucher François,tekening,papier,1713 -  1734
0000031,Boucher François,tekening,papier,1713 -  1734
0000032,Boucher François,tekening,papier,1713 -  1734
0000033,Boucher François,tekening,papier,1713 -  1734
0000034,Boucher François,tekening,papier,1713 -  1734
0000035,Boucher François,tekening,papier,1713 -  1770
0000036,Boucher François,tekening,papier,1713 -  1734
0000037,Boucher François,tekening,papier,1713 -  1770
0000038,Boucher François,tekening,papier,1726 -  1746
0000039,Boucher François,tekening,papier,1713 -  1770
0000040,Boucher François,tekening,papier,1713 -  1770
0000041,Boucher François,tekening,papier,1713 -  1770
0000042,Boucher François,tekening,papier,1713 -  1770
0000043,anoniem,ritueel object,brons,ca. -500 - ca. -200
0000044,anoniem,masker,brons,ca. -1100 - ca. -800
0000045,anoniem,bouwfragment,brons,-1100 -  -800
0000046,anoniem,ritueel object,brons,-500 -  -200
0000047,anoniem,ritueel object,brons,-1100 -  -1000
0000048,anoniem,ritueel object,brons,-350 -  -250
0000049,anoniem,ritueel object,brons,-500 -  -200
0000050,anoniem,ritueel object,brons,ca. -1300 - ca. -1000
0000051,anoniem,ritueel object,brons,-1300 -  -1000
0000052,anoniem,ritueel object,brons,ca. -1700 - ca. -800
0000053,anoniem,spiegel,brons,-500 -  -200
0000054,anoniem,spiegel,brons,-500 -  -200
0000055,anoniem,spiegel,brons,-200 -  -100
0000056,anoniem,spiegel,brons,-100 -  100
0000057,anoniem,spiegel,brons,-100 -  100
0000058,anoniem,spiegel,brons,200 -  300
0000059,anoniem,spiegel,brons,-300 -  -200
0000060,anoniem,gordelhaak,brons,ca. -400 - ca. -100
0000061,anoniem,gordelhaak,brons,ca. -300 - ca. -200
0000062,anoniem,ritueel object,brons,-1700 -  -1100
0000063,anoniem,ritueel object,brons,-1100 -  -800
0000064,anoniem,decoratief object,brons,-500 -  -200
0000065,anoniem,applique,brons,-200 -  -100
0000066,anoniem,beeldhouwwerk,aardewerk,618 -  906
0000067,anoniem,beeldhouwwerk,aardewerk,ca. 700 - ca. 800
0000068,anoniem,beeldhouwwerk,aardewerk,650 -  750
0000069,anoniem,beeldhouwwerk,aardewerk,650 -  750
0000070,anoniem,beeldhouwwerk,aardewerk,650 -  750
0000071,anoniem,beeldhouwwerk,aardewerk,650 -  750
0000072,anoniem,beeldhouwwerk,aardewerk,650 -  750
0000073,anoniem,beeldhouwwerk,aardewerk,650 -  750
0000074,anoniem,beeldhouwwerk,aardewerk,600 -  700
0000075,anoniem,graffiguur,terracotta,400 -  500
0000076,anoniem,pot,terracotta,ca. 0 - ca. 220
0000077,anoniem,wijnkaraf,aardewerk,1300 -  1400
0000078,anoniem,pot,steengoed,1368 -  1644
0000079,anoniem,vaas,aardewerk,0 -  220
0000080,anoniem,grafvaas,aardewerk,960 -  1279
0000081,anoniem,pot,aardewerk,1300 -  1400
0000082,anoniem,beeldhouwwerk,zandsteen,800 -  1000
0000083,anoniem,beeldhouwwerk,zandsteen,900 -  1100
0000084,anoniem,beeldhouwwerk,kalksteen,ca. 900 - ca. 1000
0000085,anoniem,beeldhouwwerk,zandsteen,950 -  950
0000086,anoniem,beeldhouwwerk,hout,1700 -  1800
0000087,anoniem,beeldhouwwerk,brons,1100 -  1200
0000088,anoniem,beeldhouwwerk,brons,1400 -  1500
0000089,anoniem,beeldhouwwerk,brons,ca. 1200 - ca. 1300
0000090,anoniem,beeldhouwwerk,ivoor,1500 -  1600
0000091,anoniem,beeldhouwwerk,ivoor,
0000092,anoniem,beeldhouwwerk,messing,1500 -  1600
0000093,anoniem,beeldhouwwerk,zandsteen,100 -  200
0000094,Boucher François,tekening,papier,ca. 1713 - ca. 1770
0000095,Boucher François,tekening,papier,1713 -  1770
0000096,Dugourc Jean Démosthène,tekening,papier,1779 -  1789
0000097,David Louis,tekening,papier,1800 -  1825
0000098,Chardin Jean Baptiste Siméon,tekening,papier,1709 -  1779
0000099,Cochin Charles Nicolas (II),tekening,papier,1725 -  1790
0000100,Carmontelle Louis de,tekening,papier,1758 -  1758
0000101,Fokke Simon,tekening,papier,1710 -  1779
0000102,Fokke Simon,tekening,papier,ca. 1710 - ca. 1779
0000103,Deshays Jean Baptiste Henri,tekening,papier,1739 -  1765
0000104,Eisen Charles Joseph Dominique,tekening,papier,ca. 1730 - ca. 1778
0000105,Dieu Antoine,tekening,papier,1672 -  1727
0000106,Dieu Antoine,tekening,papier,1672 -  1727
0000107,Cochin Charles Nicolas (II),tekening,papier,1725 -  1790
0000108,Chevillet Justus,tekening,papier,1739 -  1802
0000109,Demarne Jean Louis,tekening,papier,1754 -  1829
0000110,anoniem,herenkleding,katoen,1700 -  1750
0000111,Demarne Jean Louis,tekening,papier,1754 -  1829
0000112,Denon Dominique Vivant (baron),tekening,papier,1757 -  1825
0000113,Cochin Charles Nicolas (II),tekening,papier,1725 -  1790
0000114,Delamonce Ferdinand,tekening,papier,1713 -  1713
0000115,Delamonce Ferdinand,tekening,papier,ca. 1708 - ca. 1718
0000116,Caresme Philippe,tekening,papier,1744 -  1796
0000117,Desrais Claude Louis,tekening,papier,1780 -  1780
0000118,Freudenberger Sigmund,tekening,papier,1770 -  1780
0000119,Fragonard Jean Honoré,tekening,papier,1742 -  1806
0000120,Fragonard Jean Honoré,tekening,papier,1742 -  1806
0000121,Fragonard Jean Honoré,tekening,papier,1742 -  1806
0000122,Fragonard Jean Honoré,tekening,papier,1742 -  1806
0000123,Fragonard Jean Honoré,tekening,papier,1742 -  1806
0000124,Julien Simon,tekening,papier,1745 -  1800
0000125,Jeaurat Etienne,tekening,papier,1709 -  1789
0000126,Huet Jean Baptiste (le vieux),tekening,papier,1782 -  1811
0000127,Hilaire Jean Baptiste,tekening,papier,1763 -  1822
0000128,Lancret Nicolas,tekening,papier,1700 -  1745
0000129,Legrand Auguste Claude Simon,tekening,papier,1775 -  1815
0000130,Loutherbourg Philippe Jacques de (II),tekening,papier,1750 -  1812
0000131,Lépicié Nicolas Bernard,tekening,papier,1745 -  1784
0000132,Le Clerc Pierre Thomas,tekening,papier,1750 -  1796
0000133,Lavallée-Poussin Etienne de,tekening,papier,1762 -  1777
0000134,Lavallée-Poussin Etienne de,tekening,papier,1750 -  1793
0000135,Lavallée-Poussin Etienne de,tekening,papier,1762 -  1777
0000136,Lavallée-Poussin Etienne de,tekening,papier,1762 -  1777
0000137,Lavallée-Poussin Etienne de,tekening,papier,1762 -  1777
0000138,Lavallée-Poussin Etienne de,tekening,papier,1762 -  1777
0000139,Lavallée-Poussin Etienne de,tekening,papier,1750 -  1793
0000140,Lavallée-Poussin Etienne de,tekening,papier,1750 -  1793
0000141,Lavallée-Poussin Etienne de,tekening,papier,1750 -  1793
0000142,Lavallée-Poussin Etienne de,tekening,papier,1750 -  1793
0000143,Lavallée-Poussin Etienne de,tekening,papier,1750 -  1793
0000144,Lavallée-Poussin Etienne de,tekening,papier,1750 -  1793
0000145,Lavallée-Poussin Etienne de,tekening,papier,1750 -  1793
0000146,Lavallée-Poussin Etienne de,tekening,papier,1750 -  1793
0000147,Mennicken Jan Emens,kruik,steengoed,1574 -  1574
0000148,Lavallée-Poussin Etienne de,tekening,papier,1750 -  1793
0000149,Lavallée-Poussin Etienne de,tekening,papier,1750 -  1793
0000150,Lavallée-Poussin Etienne de,tekening,papier,1750 -  1793
0000151,Lavallée-Poussin Etienne de,tekening,papier,1750 -  1793
0000152,anoniem,drinkvat,steengoed,ca. 1600 - ca. 1620
0000153,Lavallée-Poussin Etienne de,tekening,papier,1762 -  1777
0000154,Lavallée-Poussin Etienne de,tekening,papier,1762 -  1777
0000155,Lavallée-Poussin Etienne de,tekening,papier,1762 -  1777
0000156,Lavallée-Poussin Etienne de,tekening,papier,1762 -  1777
0000157,Lavallée-Poussin Etienne de,tekening,papier,1762 -  1777
0000158,Lavallée-Poussin Etienne de,tekening,papier,1750 -  1793
0000159,anoniem,kruik,steengoed,ca. 1540 - ca. 1570
0000160,anoniem,kruik,steengoed,ca. 1550 - ca. 1550
0000161,anoniem,beeldhouwwerk,hout,ca. 1700 - ca. 1800
0000162,anoniem,beeldhouwwerk,steen (materiaal),900 -  1000
0000163,anoniem,beeldhouwwerk,zandsteen,200 -  300
0000164,anoniem,beeldhouwwerk,zandsteen,ca. 200 - ca. 300
0000165,anoniem,beeldhouwwerk,leisteen,100 -  300
0000166,anoniem,beeldhouwwerk,leisteen,200 -  500
0000167,anoniem,beeldhouwwerk,brons,1600 -  1800
0000168,anoniem,beeldhouwwerk,marmer,ca. 1600 - ca. 1699
0000169,anoniem,beeldhouwwerk,brons,ca. 1000 - ca. 1200
0000170,anoniem,beeldhouwwerk,zandsteen,900 -  1100
0000171,anoniem,beeldhouwwerk,leisteen,1175 -  1200
0000172,anoniem,beeldhouwwerk,hout,ca. 1750 - ca. 1800
0000173,anoniem,beeldhouwwerk,geelkoper,800 -  1000
0000174,anoniem,beeldhouwwerk,brons,512 -  512
0000175,anoniem,beeldhouwwerk,brons,ca. 618 - ca. 800
0000176,anoniem,beeldhouwwerk,brons,1050 -  1200
0000177,anoniem,beeldhouwwerk,kalksteen,500 -  525
0000178,anoniem,beeldhouwwerk,brons,500 -  525
0000179,anoniem,beeldhouwwerk,brons,581 -  618
0000180,anoniem,beeldhouwwerk,zandsteen,618 -  906
0000181,anoniem,beeldhouwwerk,brons,650 -  700
0000182,anoniem,beeldhouwwerk,brons,700 -  800
0000183,anoniem,beeldhouwwerk,brons,618 -  906
0000184,anoniem,beeldhouwwerk,hout,1100 -  1200
0000185,anoniem,beeldhouwwerk,wilgenhout,1100 -  1200
0000186,anoniem,beeldhouwwerk,gietijzer,ca. 1000 - ca. 1200
0000187,anoniem,beeldhouwwerk,brons,1050 -  1200
0000188,anoniem,beeldhouwwerk,kalksteen,1600 -  1699
0000189,anoniem,beeldhouwwerk,kalksteen,1368 -  1644
0000190,anoniem,beeldhouwwerk,kalksteen,700 -  800
0000191,anoniem,beeldhouwwerk,brons,1400 -  1500
0000192,anoniem,beeldhouwwerk,steen (materiaal),1000 -  1100
0000193,anoniem,beeldhouwwerk,zandsteen,ca. 1100 - ca. 1150
0000194,anoniem,beeldhouwwerk,zandsteen,1150 -  1250
0000195,anoniem,beeldhouwwerk,zandsteen,1150 -  1200
0000196,anoniem,beeldhouwwerk,zandsteen,1150 -  1250
0000197,anoniem,beeldhouwwerk,zilver,1500 -  1550
0000198,anoniem,kozuka,suassa,
0000199,anoniem,kozuka,ijzer,
0000200,anoniem,kozuka,suassa,
0000201,anoniem,kozuka,,
0000202,anoniem,kozuka,geelkoper,
0000203,anoniem,kozuka,goud,
0000204,anoniem,kozuka,ijzer,
0000205,Goto Mitsuyasu,kozuka,shibuichi,
0000206,anoniem,kozuka,shibuichi,
0000207,anoniem,kozuka,koper,
0000208,anoniem,kozuka,suassa,
0000209,anoniem,kozuka,geelkoper,
0000210,Goto Mitsutake,kozuka,suassa,
0000211,anoniem,kozuka,ijzer,
0000212,anoniem,kozuka,goud,
0000213,anoniem,kozuka,suassa,
0000214,Iwamoto Konkan,kozuka,suassa,
0000215,Goto Denjo,kozuka,suassa,
0000216,Shigemitsu,kozuka,suassa,
0000217,anoniem,kozuka,ijzer,
0000218,anoniem,kozuka,email,
0000219,anoniem,kozuka,ijzer,
0000220,Masayuki,kozuka,geelkoper,
0000221,anoniem,kozuka,suassa,
0000222,Orando Hidehiko,kozuka,ijzer,
0000223,anoniem,kozuka,suassa,
0000224,Masayasu,kozuka,sentoku,
0000225,anoniem,kozuka,sentoku,
0000226,Joi,kozuka,roodkoper,
0000227,anoniem,tsuba,ijzer,ca. 1600 - ca. 1699
0000228,Ito Masatsune,tsuba,ijzer,1650 -  1750
0000229,anoniem,tsuba,suassa,1750 -  1850
0000230,anoniem,tsuba,ijzer,
0000231,Masatomo,tsuba,ijzer,
0000232,anoniem,tsuba,ijzer,1600 -  1699
0000233,Tsunenaka,tsuba,ijzer,1800 -  1900
0000234,anoniem,tsuba,ijzer,1600 -  1699
0000235,anoniem,tsuba,ijzer,1550 -  1650
0000236,anoniem,tsuba,ijzer,1700 -  1800
0000237,anoniem,tsuba,ijzer,1775 -  1825
0000238,Kaneyoshi,tsuba,ijzer,1600 -  1699
0000239,anoniem,tsuba,ijzer,1550 -  1700
0000240,anoniem,tsuba,ijzer,1600 -  1699
0000241,anoniem,tsuba,ijzer,1600 -  1699
0000242,anoniem,tsuba,ijzer,1600 -  1699
0000243,Mitsuhiro (II),tsuba,ijzer,1800 -  1850
0000244,Yukinaga,tsuba,ijzer,1700 -  1800
0000245,Tomokane,tsuba,ijzer,1800 -  1825
0000246,Umetada,tsuba,ijzer,1600 -  1800
0000247,anoniem,tsuba,ijzer,
0000248,anoniem,tsuba,ijzer,1600 -  1699
0000249,Masanori,tsuba,ijzer,1700 -  1800
0000250,anoniem,tsuba,ijzer,1600 -  1699
0000251,anoniem,tsuba,ijzer,
0000252,Hiroyasu,tsuba,suassa,1800 -  1850
0000253,anoniem,tsuba,ijzer,1550 -  1700
0000254,Katsumi Kansai,tsuba,ijzer,1800 -  1900
0000255,Ishiguro Masatsune,tsuba,ijzer,1825 -  1875
0000256,Toshinaga,tsuba,ijzer,1700 -  1800
0000257,anoniem,tsuba,ijzer,1600 -  1725
0000258,anoniem,tsuba,ijzer,
0000259,Nukagawa Yasunori,tsuba,shibuichi,1725 -  1825
0000260,anoniem,tsuba,ijzer,
0000261,Sunagawa Masayoshi,tsuba,ijzer,1750 -  1800
0000262,Shoami Ietake,tsuba,ijzer,1600 -  1699
0000263,anoniem,tsuba,ijzer,
0000264,Komeisai Chokuzui,tsuba,ijzer,1700 -  1800
0000265,anoniem,tsuba,ijzer,1700 -  1800
0000266,anoniem,tsuba,ijzer,1600 -  1699
0000267,anoniem,tsuba,ijzer,
0000268,anoniem,tsuba,messing,
0000269,Yasuchika,tsuba,koper,1700 -  1900
0000270,Okada Masatoyo,tsuba,ijzer,1800 -  1850
0000271,anoniem,tsuba,ijzer,1600 -  1699
0000272,anoniem,tsuba,suassa,1750 -  1850
0000273,anoniem,tsuba,ijzer,1700 -  1900
0000274,Goto Mitsuyoshi,tsuba,zilver,1800 -  1830
0000275,anoniem,tsuba,ijzer,1600 -  1699
0000276,anoniem,tsuba,ijzer,1600 -  1699
0000277,anoniem,tsuba,ijzer,1600 -  1699
0000278,Yasuchika,tsuba,koper,1800 -  1900
0000279,anoniem,tsuba,ijzer,1600 -  1800
0000280,Yoshinaga,tsuba,ijzer,1600 -  1699
0000281,anoniem,tsuba,ijzer,1600 -  1699
0000282,Teimei,tsuba,ijzer,1700 -  1800
0000283,anoniem,tsuba,messing,
0000284,anoniem,tsuba,ijzer,1600 -  1699
0000285,anoniem,tsuba,ijzer,1600 -  1699
0000286,anoniem,tsuba,ijzer,1600 -  1800
0000287,Umetada,tsuba,ijzer,
0000288,Kunishige,tsuba,koper,1700 -  1800
0000289,anoniem,tsuba,messing,
0000290,Iwamoto Konkan,tsuba,ijzer,1750 -  1850
0000291,anoniem,tsuba,ijzer,
0000292,Nagahara,tsuba,koper,
0000293,anoniem,tsuba,ijzer,
0000294,Sadashichi Masayoshi,tsuba,ijzer,1750 -  1800
0000295,anoniem,tsuba,ijzer,
0000296,anoniem,tsuba,ijzer,
0000297,Kitagawa Soten,tsuba,ijzer,1675 -  1700
0000298,Hiroyoshi,tsuba,koper,1800 -  1850
0000299,anoniem,tsuba,ijzer,
0000300,anoniem,tsuba,ijzer,
0000301,Umetada Shichiza,tsuba,ijzer,1675 -  1725
0000302,Soten,tsuba,ijzer,1650 -  1700
0000303,Kawamura Tsuneshige,tsuba,koper,1725 -  1775
0000304,Ito Masakata,tsuba,ijzer,1700 -  1800
0000305,anoniem,tsuba,ijzer,
0000306,Hazama,tsuba,ijzer,
0000307,anoniem,tsuba,ijzer,
0000308,anoniem,tsuba,messing,
0000309,anoniem,tsuba,ijzer,
0000310,Myochin Munehide,tsuba,ijzer,1600 -  1699
0000311,anoniem,tsuba,ijzer,1600 -  1699
0000312,anoniem,tsuba,ijzer,1600 -  1699
0000313,anoniem,tsuba,koper,
0000314,anoniem,tsuba,ijzer,
0000315,anoniem,tsuba,ijzer,
0000316,anoniem,theekom,steengoed,960 -  1279
0000317,anoniem,kom,steengoed,960 -  1279
0000318,anoniem,kom,steengoed,960 -  1279
0000319,anoniem,vaas,steengoed,1368 -  1644
0000320,anoniem,vaas,aardewerk,-200 -  200
0000321,anoniem,kom,steengoed,1100 -  1150
0000322,anoniem,pot,aardewerk,960 -  1279
0000323,anoniem,kom,steengoed,960 -  1279
0000324,anoniem,kom,porselein,960 -  1279
0000325,anoniem,kom,porselein,960 -  1279
0000326,anoniem,kom,porselein,ca. 1100 - ca. 1300
0000327,anoniem,pot,steengoed,960 -  1279
0000328,anoniem,schotel,steengoed,1100 -  1127
0000329,anoniem,kom,steengoed,960 -  1279
0000330,anoniem,kom,steengoed,960 -  1279
0000331,anoniem,kom,steengoed,960 -  1279
0000332,anoniem,kom,steengoed,960 -  1279
0000333,anoniem,kom,steengoed,960 -  1279
0000334,anoniem,kom,steengoed,960 -  1279
0000335,anoniem,kom,steengoed,960 -  1279
0000336,anoniem,scepter,porselein,1736 -  1795
0000337,anoniem,pot,aardewerk,
0000338,anoniem,pot,steengoed,ca. 1368 - ca. 1644
0000339,anoniem,pot,steengoed,ca. 1368 - ca. 1644
0000340,anoniem,kom,steengoed,1000 -  1368
0000341,anoniem,kom,porselein,1127 -  1279
0000342,anoniem,kom,steengoed,960 -  1279
0000343,anoniem,kom,steengoed,960 -  1279
0000344,anoniem,kom,steengoed,960 -  1279
0000345,anoniem,kom,steengoed,960 -  1279
0000346,anoniem,kom,steengoed,960 -  1279
0000347,anoniem,kom,porselein,1723 -  1735
0000348,anoniem,schotel,steengoed,1279 -  1644
0000349,anoniem,vaas,porselein,1368 -  1644
0000350,anoniem,kom,steengoed,960 -  1279
0000351,anoniem,kom,steengoed,960 -  1279
0000352,anoniem,kom,steengoed,960 -  1279
0000353,anoniem,kom,steengoed,960 -  1279
0000354,anoniem,kom,steengoed,960 -  1279
0000355,anoniem,kom,steengoed,960 -  1279
0000356,anoniem,theepot,porselein,1700 -  1800
0000357,anoniem,vaas,steengoed,960 -  1279
0000358,anoniem,schotel,porselein,ca. 1575 - ca. 1625
0000359,anoniem,kom,steengoed,960 -  1279
0000360,anoniem,pot,aardewerk,618 -  906
0000361,anoniem,schaal (objectnaam),porselein,1368 -  1644
0000362,anoniem,doos,porselein,960 -  1279
0000363,anoniem,kom,porselein,960 -  1279
0000364,anoniem,kan,aardewerk,ca. 900 - ca. 1000
0000365,anoniem,kom,porselein,960 -  1279
0000366,anoniem,schaal (objectnaam),porselein,960 -  1279
0000367,anoniem,schaal (objectnaam),steengoed,960 -  1279
0000368,anoniem,kom,porselein,960 -  1279
0000369,anoniem,kom,steengoed,960 -  1279
0000370,anoniem,schaal (objectnaam),porselein,960 -  1279
0000371,anoniem,kom,porselein,ca. 960 - ca. 1279
0000372,anoniem,schaal (objectnaam),steengoed,1279 -  1368
0000373,anoniem,kom,steengoed,1279 -  1368
0000374,anoniem,pot,steengoed,1279 -  1368
0000375,anoniem,doos,porselein,1279 -  1368
0000376,anoniem,vaas,steengoed,1600 -  1800
0000377,anoniem,pot,steengoed,1550 -  1600
0000378,anoniem,vaas,porselein,ca. 1575 - ca. 1600
0000379,anoniem,schaal (objectnaam),porselein,1368 -  1644
0000380,anoniem,schaal (objectnaam),porselein,1661 -  1722
0000381,anoniem,kom op voet,porselein,ca. 1600 - ca. 1699
0000382,anoniem,pot,porselein,ca. 1620 - ca. 1640
0000383,anoniem,beeldhouwwerk,porselein,1662 -  1722
0000384,anoniem,beeldhouwwerk,porselein,1662 -  1722
0000385,anoniem,vaas,porselein,ca. 1700 - ca. 1720
0000386,anoniem,kan,porselein,ca. 1600 - ca. 1699
0000387,anoniem,penseelpot,porselein,ca. 1700 - ca. 1725
0000388,anoniem,pot,porselein,ca. 1600 - ca. 1699
0000389,anoniem,schaal (objectnaam),porselein,1661 -  1722
0000390,anoniem,bord (vaatwerk),porselein,1661 -  1722
0000391,anoniem,trechter,porselein,1700 -  1800
0000392,anoniem,kom,porselein,1600 -  1625
0000393,He Chaozong,beeldhouwwerk,blanc de Chine,1675 -  1700
0000394,anoniem,kom,porselein,ca. 1630 - ca. 1645
0000395,anoniem,schaal (objectnaam),porselein,ca. 1600 - ca. 1625
0000396,anoniem,schaal (objectnaam),porselein,1580 -  1620
0000397,anoniem,wierookbrander,blanc de Chine,1675 -  1700
0000398,anoniem,kom,porselein,ca. 1700 - ca. 1700
0000399,anoniem,bord (vaatwerk),porselein,ca. 1700 - ca. 1700
0000400,anoniem,schaal (objectnaam),porselein,1700 -  1800
0000401,He Chaozong,figuur,blanc de Chine,ca. 1750 - ca. 1800
0000402,anoniem,beeldhouwwerk,porselein,1661 -  1722
0000403,anoniem,kom,porselein,ca. 1675 - ca. 1700
0000404,anoniem,fles,porselein,ca. 1300 - ca. 1400
0000405,anoniem,doos,porselein,ca. 1675 - ca. 1700
0000406,anoniem,vaas,porselein,ca. 1575 - ca. 1600
0000407,anoniem,kendi,porselein,1580 -  1620
0000408,anoniem,pot,porselein,ca. 1475 - ca. 1500
0000409,anoniem,doos,porselein,ca. 1450 - ca. 1500
0000410,anoniem,doos,porselein,ca. 1300 - ca. 1400
0000411,anoniem,doos,porselein,1500 -  1600
0000412,anoniem,doos,porselein,1500 -  1600
0000413,anoniem,doos,porselein,1575 -  1600
0000414,anoniem,doos,porselein,ca. 1645 - ca. 1660
0000415,anoniem,doos,porselein,1500 -  1600
0000416,anoniem,doos,porselein,1500 -  1600
0000417,anoniem,doos,porselein,1500 -  1600
0000418,anoniem,kop,porselein,ca. 1645 - ca. 1660
0000419,Mallet Jean Baptiste,tekening,papier,1788 -  1799
0000420,Moreau Louis Gabriel,tekening,papier,1750 -  1806
0000421,Moreau Louis Gabriel,tekening,papier,1750 -  1806
0000422,Monnet Charles,tekening,papier,1742 -  1808
0000423,anoniem,kruik,steengoed,ca. 1525 - ca. 1550
0000424,Marsy J. de,tekening,papier,1700 -  1800
0000425,Moulinneuf H.A.,tekening,papier,1803 -  1803
0000426,Marillier Clément Pierre,tekening,papier,1775 -  1775
0000427,Mennicken Jan Baldems,kan,steengoed,1599 -  1599
0000428,Kran Engel,kan,steengoed,ca. 1584 - ca. 1600
0000429,Mennicken Emonds,kan,steengoed,1586 -  1586
0000430,Oudry Jean Baptiste,tekening,papier,1696 -  1755
0000431,Ollivier Michel Barthélémy,tekening,papier,1722 -  1784
0000432,Ollivier Michel Barthélémy,tekening,papier,1722 -  1784
0000433,Oudry Jean Baptiste,tekening,papier,ca. 1700 - ca. 1800
0000434,anoniem,kan,steengoed,1566 -  1566
0000435,anoniem,kruik,steengoed,1607 -  1607
0000436,Mennicken Jan Baldems,kan,steengoed,1602 -  1602
0000437,anoniem,kruik,steengoed,ca. 1570 - ca. 1575
0000438,Oudry Jean Baptiste,tekening,papier,1731 -  1731
0000439,Oudry Jean Baptiste,tekening,papier,1731 -  1731
0000440,Oudry Jean Baptiste,tekening,papier,1732 -  1732
0000441,Oudry Jean Baptiste,tekening,papier,1732 -  1732
0000442,anoniem,kruik,steengoed,1581 -  1581
0000443,anoniem,kom,steengoed,1700 -  1800
0000444,anoniem,chaire,steengoed,ca. 1550 - ca. 1600
0000445,Yaheita (Yaheiji ?),vaas,steengoed,1675 -  1700
0000446,anoniem,chaire,steengoed,1675 -  1700
0000447,anoniem,chaire,steengoed,
0000448,anoniem,vaas,steengoed,1700 -  1800
0000449,anoniem,kom,steengoed,1700 -  1725
0000450,anoniem,houtskoolbrander,steengoed,1600 -  1699
0000451,anoniem,vaas,steengoed,
0000452,anoniem,kom,steengoed,1700 -  1800
0000453,anoniem,kom,steengoed,1700 -  1800
0000454,anoniem,kom,steengoed,ca. 1500 - ca. 1600
0000455,Ichinyu-Raku IV,kom,steengoed,1600 -  1699
0000456,anoniem,kom,steengoed,1600 -  1699
0000457,anoniem,kom,steengoed,ca. 1600 - ca. 1699
0000458,anoniem,kom,steengoed,1600 -  1699
0000459,anoniem,chaire,steengoed,
0000460,anoniem,chaire,steengoed,1700 -  1800
0000461,anoniem,chaire,steengoed,1775 -  1825
0000462,anoniem,chaire,steengoed,1600 -  1800
0000463,anoniem,chaire,steengoed,
0000464,anoniem,chaire,steengoed,1700 -  1800
0000465,anoniem,chaire,steengoed,1600 -  1699
0000466,anoniem,chaire,steengoed,1600 -  1800
0000467,anoniem,chaire,steengoed,1700 -  1800
0000468,anoniem,chaire,steengoed,
0000469,anoniem,chaire,steengoed,
0000470,anoniem,chaire,steengoed,1775 -  1800
0000471,anoniem,chaire,steengoed,
0000472,anoniem,chaire,steengoed,
0000473,anoniem,chaire,steengoed,
0000474,anoniem,chaire,steengoed,1700 -  1800
0000475,anoniem,chaire,steengoed,
0000476,anoniem,chaire,steengoed,
0000477,anoniem,chaire,steengoed,
0000478,anoniem,wierookbrander,steengoed,1700 -  1800
0000479,anoniem,chaire,steengoed,1600 -  1699
0000480,anoniem,chaire,steengoed,
0000481,anoniem,chaire,steengoed,
0000482,anoniem,chaire,steengoed,
0000483,anoniem,chaire,steengoed,
0000484,anoniem,chaire,steengoed,
0000485,anoniem,chaire,steengoed,
0000486,anoniem,chaire,steengoed,
0000487,anoniem,chaire,steengoed,
0000488,anoniem,chaire,steengoed,
0000489,anoniem,chaire,steengoed,
0000490,anoniem,chaire,steengoed,
0000491,anoniem,chaire,steengoed,
0000492,anoniem,chaire,steengoed,
0000493,anoniem,chaire,steengoed,
0000494,anoniem,chaire,steengoed,
0000495,anoniem,chaire,steengoed,
0000496,anoniem,chaire,steengoed,1600 -  1800
0000497,anoniem,chaire,steengoed,
0000498,anoniem,chaire,steengoed,
0000499,anoniem,chaire,steengoed,1600 -  1725
0000500,anoniem,kom,steengoed,1700 -  1800
0000501,anoniem,vaas,steengoed,1775 -  1825
0000502,anoniem,kom,steengoed,1700 -  1800
0000503,anoniem,kom,steengoed,1820 -  1850
0000504,anoniem,vaas,steengoed,1700 -  1800
0000505,anoniem,wierookbrander,steengoed,1700 -  1800
0000506,anoniem,kom,steengoed,1500 -  1700
0000507,anoniem,fles,steengoed,
0000508,anoniem,fles,porselein,ca. 1670 - ca. 1680
0000509,anoniem,fles,steengoed,
0000510,anoniem,pot,steengoed,1600 -  1800
0000511,Chojiro,kom,steengoed,ca. 1575 - ca. 1600
0000512,anoniem,kom,steengoed,ca. 1575 - ca. 1600
0000513,anoniem,fles,steengoed,1600 -  1699
0000514,anoniem,wierookdoos,steengoed,1700 -  1800
0000515,anoniem,schaal (objectnaam),steengoed,1600 -  1699
0000516,anoniem,urn,steengoed,1300 -  1500
0000517,anoniem,fles,porselein,ca. 1660 - ca. 1680
0000518,anoniem,wierookdoos,steengoed,1700 -  1800
0000519,anoniem,doos,steengoed,1700 -  1800
0000520,anoniem,wierookdoos,steengoed,1700 -  1800
0000521,anoniem,wierookdoos,steengoed,1700 -  1800
0000522,anoniem,wierookdoos,steengoed,1700 -  1800
0000523,anoniem,wierookdoos,steengoed,1700 -  1800
0000524,anoniem,wierookdoos,steengoed,1700 -  1800
0000525,anoniem,beeldhouwwerk,steengoed,
0000526,anoniem,wierookbrander,steengoed,
0000527,anoniem,kan,steengoed,
0000528,anoniem,bak,steengoed,1700 -  1800
0000529,anoniem,kom,steengoed,1775 -  1825
0000530,anoniem,chaire,steengoed,1600 -  1699
0000531,anoniem,kom,steengoed,1600 -  1699
0000532,anoniem,kom,steengoed,1600 -  1699
0000533,anoniem,kom,steengoed,
0000534,anoniem,chaire,steengoed,1600 -  1699
0000535,anoniem,kom,steengoed,1775 -  1825
0000536,anoniem,kom,steengoed,1750 -  1800
0000537,anoniem,kom,steengoed,1750 -  1800
0000538,anoniem,kom,steengoed,1700 -  1800
0000539,anoniem,doos,steengoed,
0000540,anoniem,doos,steengoed,1700 -  1800
0000541,anoniem,kom,steengoed,1700 -  1800
0000542,anoniem,kom,steengoed,1700 -  1725
0000543,anoniem,kom,steengoed,1700 -  1800
0000544,anoniem,kom,steengoed,1775 -  1800
0000545,anoniem,fles,steengoed,1700 -  1800
0000546,anoniem,fles,steengoed,1700 -  1800
0000547,anoniem,kom,steengoed,1600 -  1699
0000548,anoniem,beeldhouwwerk,steengoed,
0000549,anoniem,vaas,steengoed,1600 -  1699
0000550,anoniem,kom,steengoed,1700 -  1800
0000551,anoniem,kom,steengoed,1700 -  1800
0000552,anoniem,kom,steengoed,1800 -  1825
0000553,anoniem,kom,steengoed,1775 -  1800
0000554,anoniem,fles,steengoed,1700 -  1800
0000555,anoniem,pot,steengoed,1800 -  1850
0000556,anoniem,doos,steengoed,ca. 1775 - ca. 1825
0000557,anoniem,kom,aardewerk,1700 -  1800
0000558,anoniem,chaire,steengoed,1600 -  1699
0000559,anoniem,kom,aardewerk,
0000560,anoniem,hiire,steengoed,1775 -  1800
0000561,Eiraku Hozen,schaal (objectnaam),steengoed,1775 -  1825
0000562,anoniem,doos,steengoed,
0000563,anoniem,kom,aardewerk,1600 -  1699
0000564,anoniem,chaire,steengoed,1600 -  1699
0000565,anoniem,chaire,steengoed,1600 -  1699
0000566,Kiyomizu Rokubei,kom,steengoed,1750 -  1800
0000567,anoniem,chaire,steengoed,1600 -  1800
0000568,anoniem,vaas,steengoed,1675 -  1700
0000569,anoniem,hiire,steengoed,1700 -  1800
0000570,anoniem,kom,steengoed,1600 -  1800
0000571,anoniem,vaas,steengoed,
0000572,anoniem,urn,steengoed,
0000573,anoniem,vaas,steengoed,1600 -  1699
0000574,anoniem,pot,steengoed,1775 -  1825
0000575,anoniem,kom,steengoed,1700 -  1800
0000576,anoniem,kom,steengoed,1700 -  1800
0000577,anoniem,netsuke,hout,
0000578,Shuzan,netsuke,hout,1700 -  1800
0000579,anoniem,netsuke,hout,
0000580,anoniem,netsuke,hout,
0000581,anoniem,netsuke,hout,
0000582,anoniem,netsuke,ivoor,1700 -  1800
0000583,Tomomasa,netsuke,hout,1800 -  1850
0000584,Ransen,netsuke,hout,1800 -  1850
0000585,Sukenaga,netsuke,hout,1800 -  1825
0000586,Tomotada,netsuke,hout,1800 -  1850
0000587,Miwa,netsuke,hout,1700 -  1800
0000588,Ryogyoku,netsuke,ivoor,1775 -  1825
0000589,Tomotada,netsuke,hout,1800 -  1850
0000590,Ranichi,netsuke,ivoor,1790 -  1800
0000591,anoniem,netsuke,ivoor,1700 -  1800
0000592,anoniem,netsuke,hout,
0000593,anoniem,netsuke,hout,1700 -  1900
0000594,anoniem,netsuke,hout,1700 -  1800
0000595,Sogyoku,netsuke,hout,
0000596,Hidemasa,netsuke,hout,1800 -  1825
0000597,anoniem,netsuke,hout,
0000598,anoniem,netsuke,ivoor,
0000599,,netsuke,hout,
0000600,anoniem,netsuke,hout,
0000601,anoniem,wierookdoos,hout,1500 -  1600
0000602,anoniem,suzuribako,hout,1557 -  1625
0000603,anoniem,suzuribako,hout,1600 -  1699
0000604,anoniem,hibachi,hout,1700 -  1800
0000605,anoniem,wierookdoos,hout,ca. 1700 - ca. 1800
0000606,anoniem,doos,hout,1775 -  1825
0000607,anoniem,suzuribako,hout,1775 -  1825
0000608,anoniem,doos,hout,1800 -  1825
0000609,anoniem,inro,hout,1700 -  1800
0000610,anoniem,inro,hout,1700 -  1800
0000611,anoniem,inro,hout,1700 -  1800
0000612,Shiomi Masanari,inro,hout,1700 -  1800
0000613,anoniem,inro,hout,1821-01-01 -  1821-12-31
0000614,anoniem,waaier,bamboe,1600 -  1699
0000615,anoniem,doos,hout,1850 -  1900
0000616,anoniem,doos,hout,ca. 1700 - ca. 1800
0000617,Zokoku,wierookdoos,hout,1825 -  1875
0000618,anoniem,inro,hout,1700 -  1800
0000619,anoniem,inro,hout,ca. 1800 - ca. 1800
0000620,anoniem,inro,hout,
0000621,anoniem,inro,hout,
0000622,Toshihide,inro,hout,1725 -  1825
0000623,anoniem,inro,hout,
0000624,anoniem,inro,hout,
0000625,Nishikawa Yasunobu,inro,hout,
0000626,anoniem,inro,hout,1800 -  1825
0000627,anoniem,inro,hout,1800 -  1825
0000628,anoniem,inro,hout,1700 -  1800
0000629,Gyokuzan Okada,doos,hout,ca. 1800 - ca. 1800
0000630,anoniem,inro,hout,1775 -  1800
0000631,anoniem,doos,hout,ca. 1775 - ca. 1800
0000632,anoniem,ladenkast,hout,1775 -  1825
0000633,anoniem,inro,hout,ca. 1800 - ca. 1800
0000634,anoniem,suzuribako,hout,ca. 1800 - ca. 1800
0000635,anoniem,suzuribako,hout,ca. 1800 - ca. 1800
0000636,anoniem,doos,hout,1775 -  1800
0000637,Shigehide,inro,hout,ca. 1800 - ca. 1800
0000638,anoniem,suzuribako,hout,1700 -  1800
0000639,anoniem,doos,hout,1775 -  1825
0000640,Shojo,suzuribako,hout,ca. 1800 - ca. 1800
0000641,anoniem,rookstel,hout,1800 -  1825
0000642,Ritsuô,doos,hout,ca. 1675 - ca. 1725
0000643,anoniem,doos,hout,1775 -  1800
0000644,anoniem,vogelkooi,hout,
0000645,anoniem,tafel,hout,
0000646,anoniem,lessenaar,hout,1700 -  1800
0000647,anoniem,wierookdoos,hout,1700 -  1800
0000648,anoniem,wierookdoos,hout,1500 -  1600
0000649,anoniem,beeldhouwwerk,hout,1200 -  1250
0000650,anoniem,beeldhouwwerk,hout,ca. 1275 - ca. 1350
0000651,anoniem,beeldhouwwerk,hout,1400 -  1600
0000652,anoniem,beeldhouwwerk,hout,1400 -  1500
0000653,anoniem,beeldhouwwerk,hout,ca. 1500 - ca. 1600
0000654,anoniem,beeldhouwwerk,hout,1500 -  1525
0000655,anoniem,beeldhouwwerk,hout,1600 -  1699
0000656,anoniem,beeldhouwwerk,hout,1700 -  1750
0000657,Yukan,beeldhouwwerk,hout,
0000658,anoniem,spiegel,brons,ca. 1100 - ca. 1185
0000659,anoniem,pistool,ijzer,1700 -  1850
0000660,anoniem,schildering,zijde,1250 -  1300
0000661,anoniem,schildering,zijde,1375 -  1425
0000662,anoniem,schildering,papier,1575 -  1600
0000663,Tosa Mitsuoki,schildering,zijde,1650 -  1680
0000664,anoniem,schildering,papier,1400 -  1600
0000665,anoniem,beeldhouwwerk,hout,1125 -  1175
0000666,anoniem,beeldhouwwerk,hout,1275 -  1325
0000667,anoniem,keman,brons,1200 -  1300
0000668,Kaihoku Yusho,schildering,papier,1600 -  1799
0000669,anoniem,wapenrusting,metaal,1500 -  1725
0000670,anoniem,wapenrusting,metaal,ca. 1700 - ca. 1800
0000671,anoniem,blad,hout,1775 -  1800
0000672,anoniem,schildering,papier,1700 -  1800
0000673,Sesshu,schildering,hout,1700 -  1800
0000674,,vaas,bamboe,
0000675,Kubo Shumman,prent,papier,1810 -  1819
0000676,anoniem,schildering,papier,1661 -  1672
0000677,anoniem,beeldhouwwerk,hout,1800 -  1850
0000678,anoniem,beeldhouwwerk,hout,1800 -  1850
0000679,Mitsunaga,beeldhouwwerk,hout,1672
0000680,Masayoshi Kitao,prent,papier,1775 -  1824
0000681,anoniem,beeldhouwwerk,hout,
0000682,Utagawa,boek,papier,1830 -  1840
0000683,Hokusai Katsushika,boek,papier,ca. 1800 - ca. 1815
0000684,Hokusai Katsushika,boek,papier,1815 -  1815
0000685,Hiroshige (I) Utagawa,boek,papier,ca. 1825 - ca. 1835
0000686,Hokusai Katsushika,boek,papier,1819 -  1819
0000687,Tatsu,schildering,papier,1700 -  1800
0000688,anoniem,schildering,papier,1790-01-01 -  1790-12-31
0000689,anoniem,schildering,zijde,1200 -  1300
0000690,anoniem,herenkleding,linnen,in of voor 1640 - in or before 1640
0000691,anoniem,herenkleding,linnen,in of voor 1640 - in or before 1640
0000692,anoniem,schotel,porselein,voor 1613 - before 1613
0000693,Smout John,herenkleding,zijde,1647 -  1647
0000694,anoniem,bord (vaatwerk),porselein,voor 1613 - before 1613
0000695,Oppenort Gilles Marie,tekening,papier,1682 -  1742
0000696,Natoire Charles Joseph,tekening,papier,1710 -  1777
0000697,Nicolle Victor Jean,tekening,papier,1787 -  1811
0000698,Nicolle Victor Jean,tekening,papier,1787 -  1811
0000699,Nicolle Victor Jean,tekening,papier,1787 -  1811
0000700,Nicolle Victor Jean,tekening,papier,1787 -  1811
0000701,Nicolle Victor Jean,tekening,papier,1787 -  1811
0000702,anoniem,herenkleding,zijde,ca. 1600 - ca. 1699
0000703,Nicolle Victor Jean,tekening,papier,1787 -  1811
0000704,Nicolle Victor Jean,tekening,papier,1787 -  1811
0000705,Nicolle Victor Jean,tekening,papier,1787 -  1811
0000706,Nicolle Victor Jean,tekening,papier,1787 -  1811
0000707,Portail Jacques André,tekening,papier,1740 -  1759
0000708,anoniem,kruik,steengoed,1594 -  1600
0000709,Pillement Jean Baptiste,tekening,papier,1770 -  1770
0000710,Pillement Jean Baptiste,tekening,papier,1770 -  1770
0000711,Pillement Jean Baptiste,tekening,papier,1770 -  1770
0000712,anoniem,kruik,steengoed,ca. 1530 - ca. 1570
0000713,Pillement Jean Baptiste,tekening,papier,1771 -  1771
0000714,Pillement Jean Baptiste,tekening,papier,1771 -  1771
0000715,Parrocel Charles,tekening,papier,ca. 1700 - ca. 1724
0000716,Parrocel Charles,tekening,papier,1735 -  1737
0000717,anoniem,kruik,steengoed,ca. 1520 - ca. 1560
0000718,anoniem,herenkleding,laken (materiaal),ca. 1800 - ca. 1825
0000719,Parrocel Charles,tekening,papier,1698 -  1752
0000720,Parrocel Charles,tekening,papier,1698 -  1752
0000721,Peyron Jean François Pierre,tekening,papier,1754 -  1814
0000722,anoniem,kruik,steengoed,ca. 1520 - ca. 1560
0000723,Peyron Jean François Pierre,tekening,papier,1754 -  1814
0000724,anoniem,kruik,steengoed,1530 -  1560
0000725,Pâris Pierre Adrien,tekening,papier,1760 -  1819
0000726,anoniem,ritueel object,been,-1600 -  -1000
0000727,anoniem,doos,zilver,618 -  907
0000728,anoniem,tafel,email,1400 -  1600
0000729,anoniem,ritueel object,jade,-1600 -  -1000
0000730,anoniem,cong,jade,-3000 -  -2000
0000731,anoniem,haarsieraad,koraal,960 -  1279
0000732,anoniem,schildering,zijde,1368 -  1644
0000733,Zhao Yongxian,schildering,zijde,1590 -  1590
0000734,anoniem,schildering,zijde,1368 -  1644
0000735,Chiang Ting,schildering,inkt,1772 -  1772
0000736,anoniem,blad,,1368 -  1644
0000737,anoniem,doos,lak,1736 -  1795
0000738,anoniem,schildering,zijde,1500 -  1800
0000739,anoniem,spatscherm,marmer,1700 -  1800
0000740,anoniem,schildering,zijde,1300 -  1400
0000741,anoniem,deurhengsel,brons,1368 -  1644
0000742,anoniem,beeldhouwwerk,jade,1775 -  1800
0000743,anoniem,kom,jade,ca. 1700 - ca. 1800
0000744,anoniem,beeldhouwwerk,jade,1700 -  1800
0000745,anoniem,fragment,leem,1300 -  1400
0000746,anoniem,vaas,steengoed,1300 -  1400
0000747,anoniem,kan,bergkristal,1700 -  1800
0000748,anoniem,doos,lak,1600 -  1699
0000749,anoniem,doos,lak,ca. 1600 - ca. 1699
0000750,anoniem,prent,papier,1600 -  1625
0000751,anoniem,prent,papier,1600 -  1625
0000752,anoniem,prent,papier,1600 -  1625
0000753,anoniem,prent,papier,1600 -  1625
0000754,anoniem,beeldhouwwerk,andesiet,800 -  900
0000755,anoniem,beeldhouwwerk,andesiet,600 -  930
0000756,anoniem,beeldhouwwerk,andesiet,800 -  800
0000757,anoniem,beeldhouwwerk,andesiet,ca. 800 - ca. 900
0000758,anoniem,beeldhouwwerk,andesiet,600 -  930
0000759,anoniem,beeldhouwwerk,andesiet,600 -  930
0000760,anoniem,beeldhouwwerk,andesiet,850 -  850
0000761,anoniem,beeldhouwwerk,andesiet,800 -  900
0000762,anoniem,beeldhouwwerk,andesiet,800 -  900
0000763,anoniem,beeldhouwwerk,andesiet,800 -  900
0000764,anoniem,beeldhouwwerk,andesiet,1450 -  1450
0000765,anoniem,beeldhouwwerk,andesiet,1450 -  1450
0000766,anoniem,beeldhouwwerk,brons,850 -  925
0000767,anoniem,beeldhouwwerk,brons,900 -  1200
0000768,anoniem,bel,brons,900 -  1600
0000769,anoniem,lamp,brons,930 -  1600
0000770,anoniem,lamp,brons,1300 -  1500
0000771,anoniem,lamp,brons,ca. 1300 - ca. 1500
0000772,anoniem,bel,brons,800 -  900
0000773,anoniem,offerblad,brons,930 -  1600
0000774,anoniem,offerblad,brons,1300 -  1500
0000775,anoniem,beeldhouwwerk,brons,800 -  850
0000776,anoniem,offerblad,brons,800 -  1000
0000777,anoniem,kris,ijzer,1600 -  1700
0000778,anoniem,masker,hout,ca. 1700 - ca. 1800
0000779,anoniem,sieraad,goud,1400 -  1500
0000780,anoniem,beeldhouwwerk,brons,870 -  930
0000781,anoniem,tabaksdoos,zilver,1859 -  1859
0000782,anoniem,beeldhouwwerk,zilver,850 -  930
0000783,anoniem,oorring,goud,1300 -  1400
0000784,anoniem,priesterschel,brons,930 -  1600
0000785,anoniem,spiegel,brons,1300 -  1400
0000786,anoniem,klok,brons,700 -  800
0000787,anoniem,spiegel,brons,930 -  1600
0000788,anoniem,beeldhouwwerk,brons,800 -  850
0000789,anoniem,beeldhouwwerk,brons,850 -  930
0000790,anoniem,beeldhouwwerk,brons,800 -  950
0000791,anoniem,beeldhouwwerk,brons,975 -  1025
0000792,anoniem,priesterschel,brons,1300 -  1600
0000793,anoniem,spiegel,brons,1300 -  1600
0000794,anoniem,spiegel,brons,1200 -  1500
0000795,anoniem,bel,brons,930 -  1600
0000796,anoniem,rinkelbel,brons,930 -  1500
0000797,anoniem,beeldhouwwerk,brons,600 -  800
0000798,anoniem,beeldhouwwerk,kalksteen,1300 -  1400
0000799,anoniem,beeldhouwwerk,andesiet,1425 -  1475
0000800,anoniem,beeldhouwwerk,terracotta,1300 -  1500
0000801,anoniem,schep,zilver,1300 -  1600
0000802,anoniem,beeldhouwwerk,terracotta,1300 -  1500
0000803,anoniem,beeldhouwwerk,andesiet,1350 -  1400
0000804,anoniem,beeldhouwwerk,andesiet,1350 -  1400
0000805,anoniem,spaarvarken,terracotta,ca. 1300 - ca. 1500
0000806,anoniem,beeldhouwwerk,terracotta,700 -  1200
0000807,anoniem,plaque,koper,1600 -  1699
0000808,anoniem,scepter,email,1700 -  1800
0000809,anoniem,figuur,ivoor,ca. 1680 - ca. 1720
0000810,anoniem,gordelpendant,jade,960 -  1279
0000811,Zhang Cheng,schaal (objectnaam),lak,1300 -  1400
0000812,Zhang Cheng,schaal (objectnaam),lak,1300 -  1400
0000813,anoniem,doos,lak,1500 -  1600
0000814,anoniem,beker,zilver,618 -  906
0000815,anoniem,schaal (objectnaam),porselein,ca. 1722 - ca. 1736
0000816,anoniem,fles,porselein,ca. 1635 - ca. 1645
0000817,anoniem,fles,porselein,ca. 1640 - ca. 1640
0000818,anoniem,schaal (objectnaam),porselein,ca. 1525 - ca. 1550
0000819,anoniem,kom,porselein,ca. 1575 - ca. 1600
0000820,anoniem,bord (vaatwerk),porselein,1800 -  1850
0000821,anoniem,schotel,porselein,ca. 1560 -  1580
0000822,anoniem,pot,porselein,ca. 1500 - ca. 1500
0000823,anoniem,waterdruppelaar,porselein,ca. 1625 - ca. 1650
0000824,anoniem,schenkkan,porselein,ca. 1400 - ca. 1425
0000825,anoniem,wijnkan,porselein,ca. 1550 - ca. 1600
0000826,anoniem,kom,porselein,1821 -  1850
0000827,anoniem,bord (vaatwerk),porselein,1723 -  1735
0000828,anoniem,vaas,porselein,ca. 1506 - ca. 1521
0000829,anoniem,kan,porselein,ca. 1400 - ca. 1425
0000830,anoniem,bord (vaatwerk),porselein,ca. 1300 - ca. 1300
0000831,anoniem,bord (vaatwerk),porselein,ca. 1300 - ca. 1300
0000832,anoniem,bord (vaatwerk),porselein,ca. 1300 - ca. 1300
0000833,anoniem,kop,porselein,ca. 1700 - ca. 1720
0000834,anoniem,kop,porselein,1662 -  1722
0000835,anoniem,kop,porselein,1662 -  1722
0000836,anoniem,kop,porselein,1662 -  1722
0000837,anoniem,kop,porselein,1662 -  1722
0000838,anoniem,kop,porselein,1662 -  1722
0000839,anoniem,kop,porselein,1662 -  1722
0000840,anoniem,kop,porselein,1662 -  1722
0000841,anoniem,kop,porselein,1662 -  1722
0000842,anoniem,kop,porselein,1662 -  1722
0000843,anoniem,kop,porselein,1662 -  1722
0000844,anoniem,kop,porselein,1662 -  1722
0000845,anoniem,vaas,porselein,ca. 1750 - ca. 1800
0000846,anoniem,pelgrimsfles,porselein,ca. 1750 - ca. 1800
0000847,anoniem,kendi,porselein,ca. 1575 - ca. 1600
0000848,anoniem,kendi,porselein,ca. 1475 - ca. 1525
0000849,anoniem,kapmes,staal,ca. 1500 - ca. 1700
0000850,anoniem,beeldhouwwerk,brons,900 -  1100
0000851,anoniem,beeldhouwwerk,brons,ca. 700 - ca. 800
0000852,anoniem,beeldhouwwerk,kalksteen,800 -  1000
0000853,anoniem,beeldhouwwerk,steen (materiaal),1000 -  1100
0000854,anoniem,beeldhouwwerk,brons,ca. 1000 - ca. 1100
0000855,anoniem,beeldhouwwerk,speksteen,750 -  825
0000856,anoniem,beeldhouwwerk,brons,700 -  900
0000857,anoniem,beeldhouwwerk,brons,ca. 1300 - ca. 1400
0000858,anoniem,pot,keramiek,1300 -  1600
0000859,anoniem,pot,keramiek,1200 -  1400
0000860,anoniem,kom,aardewerk,1500 -  1600
0000861,anoniem,kom,aardewerk,1000 -  1200
0000862,anoniem,kom,aardewerk,1000 -  1200
0000863,anoniem,pot,aardewerk,ca. -3000 - ca.
0000864,anoniem,beeldhouwwerk,steen (materiaal),1175 -  1300
0000865,anoniem,applique,brons,ca. -2000 - ca. -1000
0000866,anoniem,armband,brons,-2000 -  -1000
0000867,anoniem,armband,brons,-2000 -  -1000
0000868,anoniem,pot,glazuur,1400 -  1500
0000869,anoniem,schaal (objectnaam),porselein,1400 -  1500
0000870,anoniem,fles,aardewerk,1100 -  1300
0000871,anoniem,pot,aardewerk,1100 -  1300
0000872,anoniem,schildering,doek,1525 -  1525
0000873,anoniem,schildering,doek,ca. 1500 - ca. 1600
0000874,anoniem,beeldhouwwerk,brons,1700 -  1800
0000875,anoniem,beeldhouwwerk,hout,1700 -  1800
0000876,anoniem,beeldhouwwerk,leem,1700 -  1800
0000877,anoniem,beeldhouwwerk,brons,1700 -  1800
0000878,anoniem,schildering,doek,1600 -  1699
0000879,anoniem,schildering,katoen,1600 -  1699
0000880,anoniem,schildering,katoen,1700 -  1800
0000881,anoniem,beeld,brons,1500 -  1600
0000882,anoniem,beeldhouwwerk,brons,1500 -  1600
0000883,anoniem,beeldhouwwerk,hout,ca. 1700 - ca. 1800
0000884,anoniem,beeldhouwwerk,brons,ca. 1300 - ca. 1500
0000885,anoniem,doos,ijzer,1700 -  1800
0000886,anoniem,beeldhouwwerk,brons,1600 -  1699
0000887,anoniem,schildering,papier,1600 -  1699
0000888,anoniem,beeldhouwwerk,brons,1100 -  1200
0000889,anoniem,beeldhouwwerk,hout,1200 -  1400
0000890,anoniem,applique,ijzer,1700 -  1800
0000891,anoniem,beeldhouwwerk,brons,1700 -  1800
0000892,Shiao-hsiang,schildering,inkt,1800 -  1825
0000893,anoniem,doos,hout,1200 -  1300
0000894,anoniem,doos,lak,1300 -  1500
0000895,anoniem,doos,brons,1300 -  1600
0000896,anoniem,pot,steengoed,ca. 1600 - ca. 1699
0000897,anoniem,fles,celadon,918 -  1392
0000898,anoniem,theekom,aardewerk,1600 -  1699
0000899,,pot,aardewerk,1700 -  1799
0000900,Pillement Jean Baptiste,tekening,papier,1738 -  1806
0000901,anoniem,herenkleding,zijde,ca. 1600 - ca. 1699
0000902,Perroneau Jean Baptiste,tekening,papier,1770 -  1771
0000903,anoniem,herenkleding,zijde,1600 -  1699
0000904,Parrocel Charles,tekening,papier,1735 -  1745
0000905,Parrocel Charles,tekening,papier,1698 -  1752
0000906,Quillard Pierre Antoine,tekening,papier,1711 -  1733
0000907,Pater Jean Baptiste François,tekening,papier,1705 -  1736
0000908,Robert Hubert,tekening,papier,1754 -  1808
0000909,Robert Hubert,tekening,papier,1754 -  1808
0000910,Robert Hubert,tekening,papier,1754 -  1808
0000911,Robert Hubert,tekening,papier,1754 -  1808
0000912,Robert Hubert,tekening,papier,1754 -  1808
0000913,Robert Hubert,tekening,papier,1765 -  1765
0000914,Robert Hubert,tekening,papier,1760 -  1770
0000915,Restout Jean (II),tekening,papier,1702 -  1768
0000916,La Rose Jean Baptiste de,tekening,papier,1706 -  1740
0000917,Saint-Aubin Gabriel Jacques de,tekening,papier,1734 -  1780
0000918,Saint-Aubin Gabriel Jacques de,tekening,papier,1778 -  1780
0000919,anoniem,herenkleding,zijde,ca. 1785 - ca. 1790
0000920,Saint-Aubin Gabriel Jacques de,tekening,papier,1734 -  1780
0000921,Saint-Aubin Gabriel Jacques de,tekening,papier,1760 -  1780
0000922,Saint-Aubin Gabriel Jacques de,tekening,papier,1772 -  1774
0000923,Saint-Aubin Gabriel Jacques de,tekening,papier,1774 -  1775
0000924,Saint-Aubin Gabriel Jacques de,tekening,papier,1740 -  1840
0000925,Saint-Aubin Augustin de,tekening,papier,1746 -  1840
0000926,anoniem,textiel,zijde,1781 -  1789
0000927,anoniem,textiel,linnen,1781 -  1789
0000928,anoniem,textiel,zijde,1688 -  1703
0000929,anoniem,kamerscherm,papier,1700 -  1800
0000930,,kamerscherm,inkt,1675 -  1725
0000931,anoniem,scherm,inkt,1700 -  1800
0000932,anoniem,dekselvaas,porselein,ca. 1670 - ca. 1700
0000933,anoniem,scherm,papier,1600 -  1625
0000934,anoniem,doos,lak,1600 -  1699
0000935,anoniem,schildering,linnen,1700 -  1800
0000936,anoniem,votiefbeeld,klei,ca. 500 - ca. 600
0000937,anoniem,fles,porselein,ca. 1575 - ca. 1600
0000938,anoniem,vaas,porselein,ca. 1573 - ca. 1620
0000939,anoniem,fles,porselein,1640 -  1650
0000940,anoniem,fles,porselein,1600 -  1650
0000941,anoniem,kom,porselein,1600 -  1625
0000942,anoniem,kom,porselein,1600 -  1625
0000943,anoniem,kom,porselein,ca. 1600 - ca. 1650
0000944,anoniem,kom,porselein,1600 -  1625
0000945,anoniem,kom,porselein,ca. 1575 - ca. 1600
0000946,anoniem,bord (vaatwerk),porselein,1580 -  1620
0000947,anoniem,schaal (objectnaam),porselein,ca. 1630 - ca. 1640
0000948,anoniem,schotel,porselein,1635 -  1645
0000949,anoniem,schotel,porselein,1600 -  1625
0000950,anoniem,schotel,porselein,1600 -  1630
0000951,anoniem,pot,porselein,1575 -  1600
0000952,anoniem,kan,porselein,ca. 1635 - ca. 1640
0000953,anoniem,vaas,porselein,ca. 1680 - ca. 1700
0000954,anoniem,dekselvaas,porselein,ca. 1645 - ca. 1660
0000955,anoniem,,porselein,ca. 1640 - ca. 1645
0000956,anoniem,vaas,porselein,1635 -  1650
0000957,anoniem,vaas,porselein,1635 -  1650
0000958,anoniem,vaas,porselein,1635 -  1650
0000959,anoniem,vaas,porselein,1635 -  1650
0000960,anoniem,vaas,porselein,1635 -  1650
0000961,anoniem,vaas,porselein,1635 -  1650
0000962,anoniem,pot,porselein,ca. 1640 - ca. 1645
0000963,anoniem,vaas,porselein,ca. 1635 - ca. 1650
0000964,,vaas,porselein,ca. 1662 - ca. 1722
0000965,,vaas,porselein,1723 -  1735
0000966,anoniem,kom,porselein,ca. 1625 - ca. 1650
0000967,anoniem,kom,porselein,ca. 1700 - ca. 1722
0000968,,kom,porselein,1662 -  1722
0000969,,kom,porselein,ca. 1700 - ca. 1700
0000970,,kom,porselein,1662 -  1722
0000971,,kom,porselein,1662 -  1722
0000972,,kom,porselein,1662 -  1722
0000973,,kom,porselein,1662 -  1722
0000974,,kom,porselein,1662 -  1722
0000975,anoniem,kom,porselein,1680 -  1720
0000976,anoniem,theepot,porselein,ca. 1700 - ca. 1725
0000977,anoniem,theepot,porselein,ca. 1700 - ca. 1720
0000978,anoniem,vaas,porselein,ca. 1700 - ca. 1720
0000979,,kandelaar,porselein,1662 -  1722
0000980,,melkkan,porselein,1735 -  1795
0000981,anoniem,kwispedoor,porselein,ca. 1720 - ca. 1725
0000982,,fles,porselein,1735 -  1795
0000983,anoniem,fles,porselein,1690 -  1710
0000984,anoniem,vaas,porselein,1700 -  1720
0000985,,stoof,porselein,1736 -  1795
0000986,anoniem,kandelaar,porselein,1775 -  1800
0000987,,kan,porselein,1736 -  1795
0000988,,puntfles,porselein,1662 -  1722
0000989,,knobbelfles,porselein,ca. 1662 - ca. 1722
0000990,anoniem,puntfles,porselein,1700 -  1720
0000991,,theepot,porselein,1662 -  1722
0000992,anoniem,vaas,porselein,1700 -  1725
0000993,anoniem,knobbelfles,porselein,1662 -  1722
0000994,anoniem,vaas,porselein,1700 -  1725
0000995,anoniem,dekselpot,porselein,1700 -  1720
0000996,,vaas,porselein,1662 -  1722
0000997,,vaas,porselein,1662 -  1722
0000998,anoniem,vaas,porselein,1700 -  1720
0000999,anoniem,vaas,porselein,1700 -  1720
